{
    "./results/google-vit-base-patch16-224-in21k-training/checkpoint-2500": {
        "giant_panda": {
            "mean": 0.27678601714709655,
            "std": 18.445304719009748,
            "count": 150
        },
        "grizzly_bear": {
            "mean": 0.16606051040912773,
            "std": 13.159269541420203,
            "count": 150
        },
        "polar_bear": {
            "mean": 0.21965568072506958,
            "std": 14.964048450270628,
            "count": 150
        },
        "eating": {
            "mean": 0.09770516068461192,
            "std": 4.240213714657213,
            "count": 150
        },
        "sitting": {
            "mean": 0.13286631000732693,
            "std": 5.9377674201610375,
            "count": 150
        },
        "standing": {
            "mean": 0.10692632507882079,
            "std": 5.550381903911951,
            "count": 150
        }
    },
    "./results/WinKawaks-vit-small-patch16-224-training/checkpoint-2500": {
        "giant_panda": {
            "mean": 0.23330277138340863,
            "std": 20.818063723219996,
            "count": 150
        },
        "grizzly_bear": {
            "mean": 0.2096296655094535,
            "std": 17.13441394453387,
            "count": 150
        },
        "polar_bear": {
            "mean": 0.2207268722699527,
            "std": 19.280184458334613,
            "count": 150
        },
        "eating": {
            "mean": 0.13856103074855317,
            "std": 9.81044997599273,
            "count": 150
        },
        "sitting": {
            "mean": 0.1197492456281013,
            "std": 9.305299451150868,
            "count": 150
        },
        "standing": {
            "mean": 0.07803040777557722,
            "std": 6.4387994226161,
            "count": 150
        }
    },
    "./results/WinKawaks-vit-tiny-patch16-224-training/checkpoint-2500": {
        "giant_panda": {
            "mean": 0.21915564079955382,
            "std": 19.35522819079246,
            "count": 150
        },
        "grizzly_bear": {
            "mean": 0.22088868083074914,
            "std": 20.329731088733364,
            "count": 150
        },
        "polar_bear": {
            "mean": 0.22806719664082295,
            "std": 17.767690490125542,
            "count": 150
        },
        "eating": {
            "mean": 0.07295972225856728,
            "std": 4.876207133543856,
            "count": 150
        },
        "sitting": {
            "mean": 0.1477127304323057,
            "std": 10.93500664415537,
            "count": 150
        },
        "standing": {
            "mean": 0.11121602554485162,
            "std": 8.55330416844569,
            "count": 150
        }
    }
}