{
    "./results/google-vit-base-patch16-224-in21k-training/checkpoint-2500": {
        "accuracy": 0.9466666666666667,
        "precision": 0.9921875,
        "recall": 0.8466666666666667,
        "f1": 0.9136690647482014,
        "specificity": 0.9966666666666667,
        "sensitivity": 0.8466666666666667,
        "fallout": 0.0033333333333333335,
        "miss_rate": 0.15333333333333332
    },
    "./results/WinKawaks-vit-small-patch16-224-training/checkpoint-2500": {
        "accuracy": 0.8933333333333333,
        "precision": 0.9951456310679612,
        "recall": 0.6833333333333333,
        "f1": 0.8102766798418972,
        "specificity": 0.9983333333333333,
        "sensitivity": 0.6833333333333333,
        "fallout": 0.0016666666666666668,
        "miss_rate": 0.31666666666666665
    },
    "./results/WinKawaks-vit-tiny-patch16-224-training/checkpoint-2500": {
        "accuracy": 0.8988888888888888,
        "precision": 0.9906103286384976,
        "recall": 0.7033333333333334,
        "f1": 0.8226120857699805,
        "specificity": 0.9966666666666667,
        "sensitivity": 0.7033333333333334,
        "fallout": 0.0033333333333333335,
        "miss_rate": 0.2966666666666667
    }
}